Week 5
Q1: List employees and their managers
MariaDB [employee]> SELECT e.name AS Employees, m.name AS Managers FROM employees e INNER JOIN employees m ON e.id = m.manager_id;
+-----------+-----------+
| Employees | Managers  |
+-----------+-----------+
| Emma      | Charlotte |
| William   | Ella      |
| Olivia    | Scarlett  |
| Ethan     | Ava       |
| Sophia    | Scarlett  |
| Robert    | Charlotte |
| Ava       | Evelyn    |
| Noah      | Mia       |
| Ethan     | Ava       |
| James     | Ella      |
| Emma      | Logan     |
| Emma      | Evelyn    |
| Ethan     | Scarlett  |
| Noah      | Zoe       |
| Isabella  | Mia       |
| Ethan     | Grace     |
| James     | Olivia    |
| William   | Scarlett  |
| Ava       | Mia       |
| Olivia    | Emma      |
| Ethan     | Ethan     |
| Maria     | Logan     |
| Emma      | Abigail   |
| Noah      | Aiden     |
| Liam      | Ava       |
| James     | Charlotte |
| Sophia    | Mateo     |
| Olivia    | Charlotte |
| Sophia    | Jackson   |
| Ethan     | Evelyn    |
| James     | Joseph    |
| Liam      | Amelia    |
| William   | Elijah    |
| Liam      | Grace     |
| Isabella  | Olivia    |
| Emma      | Aiden     |
| Maria     | Mason     |
| Ethan     | Ava       |
| Liam      | Ava       |
| Emma      | Ava       |
| Emma      | Elijah    |
| Maria     | Sophia    |
| Ava       | Joseph    |
| Ava       | Oliver    |
| Liam      | Mia       |
| Maria     | Zoe       |
| James     | Jackson   |
| Noah      | Amelia    |
| Emma      | Ella      |
| Olivia    | Evelyn    |
| William   | Grace     |
| Robert    | Isabella  |
| Noah      | Scarlett  |
| James     | Joseph    |
| Ethan     | James     |
| Maria     | Mason     |
| Ava       | Amelia    |
| Liam      | Sophia    |
| Isabella  | Mateo     |
| James     | Aiden     |
| James     | Amelia    |
| Ava       | Lucas     |
| Liam      | Scarlett  |
| Olivia    | Aiden     |
| James     | Ava       |
| Olivia    | Isabella  |
| James     | Sophia    |
| Ethan     | Ella      |
| Liam      | Noah      |
| Sophia    | Isabella  |
| Ethan     | James     |
| Noah      | David     |
| Robert    | Mia       |
| William   | Noah      |
| Sophia    | Olivia    |
| Sophia    | Harper    |
| Maria     | Sophia    |
| Liam      | Emma      |
| Emma      | Grace     |
| Liam      | Aiden     |
| Ethan     | Mateo     |
| Robert    | Oliver    |
| Ethan     | Ava       |
| Emma      | Elijah    |
| Liam      | Abigail   |
| James     | Ethan     |
| James     | Zoe       |
| Ava       | Aiden     |
| Isabella  | Joseph    |
| Robert    | Lucas     |
| Noah      | Noah      |
| Ava       | Zoe       |
| Sophia    | Lucas     |
| William   | Logan     |
| Robert    | Emma      |
| James     | Logan     |
| William   | Lucas     |
| Sophia    | Sebastian |
| Sophia    | Joseph    |
| Ava       | Evelyn    |
| Emma      | Mia       |
| Robert    | Emma      |
| Noah      | Ella      |
| Ava       | Scarlett  |
| Ava       | Ethan     |
| Noah      | Liam      |
| Emma      | Olivia    |
| Emma      | Liam      |
| Liam      | Mason     |
| Ava       | Jackson   |
| Ethan     | Isabella  |
| Ethan     | Logan     |
| Sophia    | Lucas     |
| Isabella  | Mateo     |
| Noah      | Abigail   |
| Ethan     | David     |
| Ava       | Ella      |
| Olivia    | David     |
| James     | Charlotte |
| Liam      | Sophia    |
| Olivia    | Harper    |
| Sophia    | Mateo     |
| Ava       | Mateo     |
| Ethan     | Lucas     |
| Ethan     | Evelyn    |
| James     | David     |
| Liam      | Isabella  |
| Sophia    | Ava       |
| Olivia    | Liam      |
| William   | Zoe       |
| Sophia    | Isabella  |
| Noah      | Olivia    |
| William   | Sebastian |
| Olivia    | Jackson   |
| Ethan     | Abigail   |
| Sophia    | Amelia    |
| Ava       | Joseph    |
| Liam      | Logan     |
| Olivia    | Sophia    |
| Liam      | Elijah    |
| James     | Logan     |
| Robert    | Ethan     |
| Ava       | Jackson   |
| Olivia    | Sophia    |
| James     | Charlotte |
| William   | Mateo     |
| Ethan     | Lucas     |
| James     | Ella      |
| Liam      | James     |
| Maria     | Oliver    |
| William   | Mateo     |
| Robert    | Mia       |
| Olivia    | Ava       |
| Olivia    | Oliver    |
| William   | Emma      |
| William   | Aiden     |
| Ava       | Grace     |
| James     | Lucas     |
| Robert    | Grace     |
| Noah      | Jackson   |
| Ava       | Abigail   |
| Ava       | Jackson   |
| Olivia    | Noah      |
| Olivia    | Charlotte |
| William   | Mia       |
| Maria     | Isabella  |
| Isabella  | Joseph    |
| Emma      | Emma      |
| Noah      | Liam      |
| Isabella  | Mason     |
| Ava       | Lucas     |
| Ethan     | Grace     |
| Ava       | Charlotte |
| Olivia    | David     |
+-----------+-----------+
174 rows in set (0.056 sec)
Q2: List the departments and their managers
MariaDB [employee]> SELECT d.department_name AS Department, e.name AS Manager FROM departments d LEFT JOIN employees e ON d.manager_id = e.id;
+------------------+----------+
| Department       | Manager  |
+------------------+----------+
| Assembly         | James    |
| Quality Control  | Maria    |
| Machining        | Robert   |
| Logistics        | Emma     |
| Maintenance      | Liam     |
| R&D              | Olivia   |
| Procurement      | Noah     |
| Health & Safety  | Ava      |
| Packaging        | William  |
| Inventory        | Sophia   |
| Welding          | Ethan    |
| Plant Management | Isabella |
+------------------+----------+
12 rows in set (0.004 sec)
Q3: List the department each person works in
